<?xml version="1.0" encoding="UTF-8"?>
<!DOCTYPE hibernate-mapping PUBLIC "-//Hibernate/Hibernate Mapping DTD 3.0//EN"
"<a class="vglnk" href="http://hibernate.sourceforge.net/hibernate-mapping-3.0.dtd" rel="nofollow"><span>http</span><span>://</span><span>hibernate</span><span>.</span><span>sourceforge</span><span>.</span><span>net</span><span>/</span><span>hibernate</span><span>-</span><span>mapping</span><span>-</span><span>3</span><span>.</span><span>0</span><span>.</span><span>dtd</span></a>">
<hibernate-mapping>
    <class name="com.jwt.hibernate.bean.User" table="USER">
        <id column="ID" name="id" type="java.lang.Integer" />
        <property column="USER_NAME" name="userName" type="java.lang.String" />
        <property column="PASSWORD" name="password1" type="string" />
        <property column="EMAIL" name="email" type="java.lang.String" />
        <property column="PHONE" name="phone" type="java.lang.String" />
        <property column="CITY" name="city" type="java.lang.String" />
    </class>
</hibernate-mapping>