<?xml version="1.0" encoding="UTF-8"?>
<!DOCTYPE hibernate-mapping PUBLIC "-//Hibernate/Hibernate Mapping DTD 3.0//EN" "http://hibernate.sourceforge.net/hibernate-mapping-3.0.dtd">
<hibernate-mapping>
	<class name="com.jwt.hibernate.Student" table="STUDENT">
		<id column="ID" name="id" type="int">
		<generator class="increment"/>
		</id>
		<property column="STUDENT_NAME" name="name" type="string" />
		<property column="DEGREE" name="degree" type="string" />
		<property column="ROLL" name="roll" type="string" />
		<property column="PHONE" name="phone" type="string" />
	</class>
</hibernate-mapping>